<!DOCTYPE html><html lang="en" xmlns:fb="http://ogp.me/ns/fb#" xml:lang="en" class="" xmlns="http://www.w3.org/1999/xhtml"><head>
            <script type="text/javascript">
                window._document_observe_listeners = [];
                document.observe = function(event, func) {
                    window._document_observe_listeners.push({event: event, func: func});
                };

                window._jquery_ready_handlers = [];
                jQuery = function(handler) {
                    window._jquery_ready_handlers.push(handler);
                };

                function on_script_loaded(func) {
                    (window.LoadedJsSuccessfully && document.loaded) ? func() : document.observe('script:loaded', func);
                }
            </script>
         <link href="https://dt8kf6553cww8.cloudfront.net/static/images/favicon-vflk5FiAC.ico" rel="shortcut icon" /><link href="https://dt8kf6553cww8.cloudfront.net/static/css/main-vfl7jMv2E.css" type="text/css" rel="stylesheet" /><link href="https://dt8kf6553cww8.cloudfront.net/static/css/web_sprites-vflHyk5i3.css" type="text/css" rel="stylesheet" /><link href="https://dt8kf6553cww8.cloudfront.net/static/images/dropbox_webclip-vflO8tEZ4.png" rel="apple-touch-icon" /><link href="/w3c/p3p.xml" rel="P3Pv1" /><script type="text/javascript">window.ST=+new Date();</script><meta content="text/html; charset=UTF-8" http-equiv="content-type" /><meta content="Dropbox jest bezpłatną usługą, która pozwala zabrać ze sobą swoje zdjęcia, dokumenty i filmy w dowolne miejsce oraz udostępniać je innym z łatwością. Dzięki temu nie musisz już przesyłać sobie plików pocztą elektroniczną!" name="description" /><meta content="online storage, free storage, file sharing, share files,
    awesome, cloud storage, online backup, cross platform, sync, sharing, mac,
    windows, os x, linux, backup, collaboration, file versioning, file revisions,
    remote access, undelete" name="keywords" /><meta content="IE=EDGE" http-equiv="X-UA-Compatible" /><meta content="noindex" name="robots" /><meta content="agencja.xml" property="og:title" /><meta content="Udostępnione przez Dropbox" property="og:description" /><meta content="https://www.dropbox.com/static/images/icons128/page_white_code.png" property="og:image" /><meta content="https://www.dropbox.com/sh/bk1ahjvoummp9f4/ktJMpPNPoC/zajecia%204/agencja.xml" property="og:url" /><meta content="website" property="og:type" /><meta content="Dropbox" property="og:site_name" /><meta content="210019893730" property="fb:app_id" /><meta content="summary" name="twitter:card" /><meta content="@Dropbox" name="twitter:site" /><meta content="https://www.dropbox.com/sh/bk1ahjvoummp9f4/ktJMpPNPoC/zajecia%204/agencja.xml" name="twitter:url" /><meta content="agencja.xml" name="twitter:title" /><meta content="Udostępnione przez Dropbox" name="twitter:description" /><meta content="https://www.dropbox.com/static/images/icons128/page_white_code.png" name="twitter:image" /><meta content="TnuSyOnBMNmtugbpL1ZvW2PbSF9LKvoTzrvOGS9h-b0" name="google-site-verification" /><meta content="EZKIczQcM1-DVUMz8heu1dIhNtxNbLqbaA9-HbOnCQ4" name="google-site-verification" /><meta content="tz8iotmk-pkhui406y41y5bfmfxdwmaa4a-yc0hm6r0fga7s6j0j27qmgqkmc7oovihzghbzhbdjk-uiyrz438nxsjdbj3fggwgl8oq2nf4ko8gi7j4z7t78kegbidl4" name="norton-safeweb-site-verification" /><meta content="https://dt8kf6553cww8.cloudfront.net/static/images/win8_web_tile-vfl8eyKFU.png" name="msapplication-TileImage" /><meta content="#ffffff" name="msapplication-TileColor" /><title>Dropbox - agencja.xml</title><script src="/static/javascript/langpack/pl.js" charset="utf-8" type="text/javascript"></script><script type="text/javascript">var Constants = { BLOCK_CLUSTER: "dl-web.dropbox.com", PUBSERVER: "dl.dropboxusercontent.com", WEBSERVER: "www.dropbox.com", NOTSERVER: "notify1.dropbox.com:80", SUBSCRIBE_URL: "/subscribe", LIVE_TRANSCODE_SERVER: "showbox-tr.dropbox.com", DISABLE_VIDEO_ICONS: false, DISABLE_VIDEOS_IN_LIGHTBOX: false, block: "dl-web.dropbox.com", protocol: "https", uid: "", email: "", personal_email: "", work_email: "", sess_id: "323664690686720155323290037836398135571", root_ns: 0, personal_root_ns: 0, work_root_ns: 0, SVN_REV: "3506369959", TOKEN: "zcOJ5G_YTiz41yqFDxo_9fBH", IS_PROD: 1, WEB_TIMING_ENABLED: 1, CPROFILE_ENABLED: 0, CPROFILE_PARAMETER: "", GANDALF_PANEL: 0, GSLB_ENABLED: 0, IS_SPDY: 1, quicksend_enabled: 0, send_a_copy_enabled: 0, shmodal_contact_importer_enabled: 0, upload_debug: false, date_format: "dd.MM.yyyy", time_format: "HH:mm", datetime_format: "dd.MM.yyyy HH:mm", ADMIN: 0, referrer: "https://www.dropbox.com/sh/bk1ahjvoummp9f4/a-dOkFp-e0/zajecia%204", TWO_ITEM_LIST: "%(x)s and %(y)s", THREE_ITEM_LIST: "%(x)s, %(y)s and %(z)s", LOCALES: [["en", "English"], ["de", "Deutsch"], ["es", "Espa\u00f1ol (Latinoam\u00e9rica)"], ["es_ES", "Espa\u00f1ol (Espa\u00f1a)"], ["fr", "Fran\u00e7ais"], ["id", "Bahasa Indonesia"], ["it", "Italiano"], ["ja", "\u65e5\u672c\u8a9e"], ["ko", "\ud55c\uad6d\uc5b4"], ["ms", "Bahasa Malaysia"], ["pl", "Polski"], ["pt_BR", "Portugu\u00eas (Brasil)"], ["ru", "P\u0443\u0441\u0441\u043a\u0438\u0439"], ["tr", "T\u00fcrk\u00e7e"], ["zh_CN", "\u4e2d\u6587\uff08\u7b80\u4f53\uff09"], ["zh_TW", "\u4e2d\u6587\uff08\u7e41\u9ad4\uff09"]], USER_LOCALE: "pl", EMAIL_VERIFIED: 0, PERSONAL_EMAIL_VERIFIED: 0, WORK_EMAIL_VERIFIED: 0, TIMEZONE_OFFSET: 0, REQUEST_ID: "debfd9d2221b4e2a1330e65d12f2e3da", BATCH_THUMB_ENDPOINTS: ["//photos-1.dropbox.com/btjb", "//photos-2.dropbox.com/btjb", "//photos-3.dropbox.com/btjb", "//photos-4.dropbox.com/btjb", "//photos-5.dropbox.com/btjb", "//photos-6.dropbox.com/btjb"], MAX_TEXT_FILE_SIZE_B: "4194304", MAX_DOC_FILE_SIZE_B: "20971520", PDF_PREVIEW_MODE: "pdf-embedded", FACEBOOK_APP_ID: "210019893730", team_id: "", WIT_VERSION: 6, static_url_video_js_swf: "https://dt8kf6553cww8.cloudfront.net/static/swf/video-js-vflMfTkZb.swf", static_url_swfupload_swf: "https://dt8kf6553cww8.cloudfront.net/static/swf/swfupload-vfl8U9T2v.swf", static_url_moxie_swf: "https://dt8kf6553cww8.cloudfront.net/static/swf/Moxie-vflz978zN.swf", static_url_copy_clipboard_swf: "https://dt8kf6553cww8.cloudfront.net/static/swf/copy_clipboard-vflvMcZTC.swf", static_url_pdfjs_viewer: "/static/javascript/external/pdf-js/viewer.html", static_url_syntax_js: "https://dt8kf6553cww8.cloudfront.net/static/javascript/external/syntax-vflpNqebu.js", static_url_video_overlay: "https://dt8kf6553cww8.cloudfront.net/static/images/icons/video_overlay-vfld7VbHa.png", team_name: "", ROLE_PERSONAL: "personal", ROLE_WORK: "work", ROLE_PARAM: "role",    DO_NOT_ADD_A_TRAILING_COMMA: true };</script><script type="text/javascript">
    window.LoadedJsSuccessfully = false;

    if (window.addEventListener) {
        window.addEventListener('load', function() {
            window.setTimeout(function() {
                if (!window.LoadedJsSuccessfully) {
                    var url = encodeURIComponent(window.location.href);
                    new Image().src = '/jse?e=failed+to+load+script&loc=' + url + '&f=' + url;
                }
            }, 5000);
        }, false);
    }
</script><script type="text/javascript">window.VFL_PREFIX = "https://dt8kf6553cww8.cloudfront.net/static/";  window.REQUIRE_JS_PATHS = { "jquery": [ "https://ajax.googleapis.com/ajax/libs/jquery/1.10.2/jquery.min", "https://dt8kf6553cww8.cloudfront.net/static/javascript/external/jquery-vflrOa9og", "https://www.dropboxstatic.com/static/javascript/external/jquery-vflrOa9og" ], "libs": [ "https://dt8kf6553cww8.cloudfront.net/static/javascript/compiled/libs-mini-vflzWtmmB", "https://www.dropboxstatic.com/static/javascript/compiled/libs-mini-vflzWtmmB" ], "dropbox": [ "https://dt8kf6553cww8.cloudfront.net/static/javascript/compiled/dropbox-mini-vfl0MVAg0", "https://www.dropboxstatic.com/static/javascript/compiled/dropbox-mini-vfl0MVAg0" ] };</script><script src="https://dt8kf6553cww8.cloudfront.net/static/javascript/compiled/require-vflhliBXB.js" type="text/javascript"></script><style type="text/css">.hny-lovcan { display: none; }</style><!--[if lt IE 9]><script src="/static/javascript/external/html5shiv.js"></script><![endif]-->  
            <style type="text/css" media="screen">
                html {
                  overflow: auto;
                }
            </style>
        <link href="https://dt8kf6553cww8.cloudfront.net/static/css/shmodel_print-vflWHY0im.css" type="text/css" rel="stylesheet" /><link href="https://dt8kf6553cww8.cloudfront.net/static/css/syntax-vfljUnWvZ.css" type="text/css" rel="stylesheet" /><script>
                if (self != top) {
                    top.location.replace(self.location.href);
                    setTimeout(function() {
                        document.body.innerHTML = (
                            "<img src='https://www.dropbox.com/static/images/logo.png' onClick='top.location.href=window.location.href' />");
                    }, 1);
                }
            </script></head><body class="pl file-preview-body shmodel-body deferred-resources"><div style="display: none;" id="modal-behind"></div><div style="display: none;" id="modal"><div id="modal-box"><a href="#" id="modal-x" onclick="javascript: Modal.hide(null, false, true); Event.stop(event); return false;"></a><h2 id="modal-title"></h2><div id="modal-content"></div></div></div><div style="display: none;" id="modal-overlay"></div><div style="display:none" id="grave-yard"></div><div style="display:none" id="trash-can"></div><script type="text/template" id="tutorial_nav_bubble_tmpl"><div class="tutorial-bubble-content"><a class="tutorial-bubble-x-link"><img src="/static/images/x-small-active.png" class="tutorial-bubble-x-img" /></a><h1 class="tutorial-bubble-title"><%= title %></h1><p class="tutorial-bubble-body"><%= body %></p><a class="tutorial-bubble-button <%= button_class %>"><%= button_text %></a></div></script><div id="floaters"></div><div style="display: none;" class="external-drop-indicator top"></div><div style="display: none;" class="external-drop-indicator right"></div><div style="display: none;" class="external-drop-indicator bottom"></div><div style="display: none;" class="external-drop-indicator left"></div><div id="notify-wrapper"><span style="display: none;" id="notify"><span id="notify-msg">Sorry, there was a problem loading this page.</span></span></div><div id="outer-frame"> <div style="display: none;" id="db-modal-locale-selector-modal" class="db-modal-wrapper"><div class="db-modal-overlay"></div><div class="db-modal"><div class="db-modal-box"><h2 class="db-modal-title"><div class="db-modal-title-text"></div></h2><div class="db-modal-content"><table><tr><td><ul><li><a data-locale="id" class="locale-option">Bahasa Indonesia</a></li><li><a data-locale="ms" class="locale-option">Bahasa Malaysia</a></li><li><a data-locale="de" class="locale-option">Deutsch</a></li><li><a data-locale="en" class="locale-option">English</a></li><li><a data-locale="es_ES" class="locale-option">Español (España)</a></li><li><a data-locale="es" class="locale-option">Español (Latinoamérica)</a></li><li><a data-locale="fr" class="locale-option">Français</a></li><li><a data-locale="it" class="locale-option">Italiano</a></li></ul></td><td><ul><li><a data-locale="pl" class="locale-option">Polski</a></li><li><a data-locale="pt_BR" class="locale-option">Português (Brasil)</a></li><li><a data-locale="ru" class="locale-option">Pусский</a></li><li><a data-locale="zh_CN" class="locale-option">中文（简体）</a></li><li><a data-locale="zh_TW" class="locale-option">中文（繁體）</a></li><li><a data-locale="ja" class="locale-option">日本語</a></li><li><a data-locale="ko" class="locale-option">한국어</a></li></ul></td></tr></table></div><a href="#" class="db-modal-x"></a></div></div></div><div id="page-content"><div class="nav-header"><a href="//www.dropbox.com?src=shmodel" target="_top" class="logo"><img src="https://dt8kf6553cww8.cloudfront.net/static/images/header/header_logo_shmodel-vflsZ7QsE.png" alt="Dropbox" data-hi-res="https://dt8kf6553cww8.cloudfront.net/static/images/header/header_logo_shmodel@2x-vflvJX68X.png" /></a> <div class="filename shmodel-filename"><span id="emsnippet-a2fa16e39cb31c23"></span></div> <div class="buttons"><a href="#" class="freshbutton-blue freshdropdown-button" onclick="SharingModel.toggle_dropdown(event, $(&quot;download-menu&quot;), $(&quot;download-menu-button&quot;))" id="download-menu-button">Pobieranie<img src="https://dt8kf6553cww8.cloudfront.net/static/images/icons/icon_spacer-vflN3BYt2.gif" class=" sprite sprite_web s_web_arrow_white" /></a><div style="display: none;" id="download-menu" class="chat-bubble freshdropdown-menu"><ul><li><a href="https://dl.dropboxusercontent.com/sh/bk1ahjvoummp9f4/ktJMpPNPoC/zajecia%204/agencja.xml?dl=1&amp;token_hash=AAH1VMD3xokejuCSvlzJyeUUZ0ZMTBnk_Orq4zCgx7b9hg" id="download_button_link" onclick="FreshDropdown.hide_all()"><img src="https://dt8kf6553cww8.cloudfront.net/static/images/icons/icon_spacer-vflN3BYt2.gif" class=" sprite sprite_web s_web_download_arrow" />Bezpośrednie pobieranie</a></li><li><a class="a2md-button" onclick="SharingModel.show_c2d_modal(); return false;" id="add_to_my_dropbox_link"><img src="https://dt8kf6553cww8.cloudfront.net/static/images/icons/icon_spacer-vflN3BYt2.gif" class=" sprite sprite_web s_web_dropbox" /><span class="">Dodaj do mojego konta Dropbox</span></a></li></ul></div><a id="print-button" class="freshbutton-lightblue">Drukuj</a> <div id="account-header"><ul class="nav"><li id="top-login"><div id="top-login-wrapper"><a href="/login" id="login-hover-link"><img src="https://dt8kf6553cww8.cloudfront.net/static/images/icons/icon_spacer-vflN3BYt2.gif" class="s_web_door_in link-img sprite sprite_web" />Zaloguj się<img src="https://dt8kf6553cww8.cloudfront.net/static/images/icons/icon_spacer-vflN3BYt2.gif" style="padding: 0; margin-left: 2px; margin-top: -1px;" class="s_web_login_arrow link-img sprite sprite_web" id="login-hover-dropdown-icon" /></a><div id="login-hover-cont" class="offscreen chat-bubble"><form action="https://www.dropbox.com/login?cont=https%3A//www.dropbox.com/sh/bk1ahjvoummp9f4/ktJMpPNPoC/zajecia%25204/agencja.xml" novalidate="novalidate" method="post"><input type="hidden" name="t" value="zcOJ5G_YTiz41yqFDxo_9fBH" /><div class="sick-input small"><label for="login_email_elm">Adres e-mail</label><input type="email" id="login_email_elm" name="login_email" tabindex="1" /></div><div class="sick-input small"><label for="login_password_elm">Hasło</label><input type="password" id="login_password_elm" name="login_password" tabindex="2" /></div><p style="margin-bottom: 0.5em; line-height: 28px;" class="top-login-remember-me"><input style="vertical-align: middle; margin-left: 0;" name="remember_me" class="no-border" type="checkbox" id="remember_me" tabindex="3" /><label style="vertical-align: middle; cursor: pointer; " for="remember_me">Pamiętaj mnie</label><input tabindex="4" type="submit" class="freshbutton-blue" value="Zaloguj się" id="toplogin-submit" /><input type="hidden" name="cont" value="https://www.dropbox.com/sh/bk1ahjvoummp9f4/ktJMpPNPoC/zajecia%204/agencja.xml" /></p><p class="create-account"><a href="/register" id="login-create-an-account">Utwórz konto Dropbox</a></p></form><div class="chat-bubble-arrow-border"></div><div class="chat-bubble-arrow"></div></div></div></li></ul></div></div></div><div id="shmodel-content-area"><div id="default-content"><img src="https://dt8kf6553cww8.cloudfront.net/static/images/icons128/page_white_code-vfl_uBORU.png" class="bigicon" /><div class="filename shmodel-filename"><span id="emsnippet-02abb5d5cd1635e1"></span></div><div class="meta">2 dni temu&nbsp;&middot;&nbsp; 2,28 KB</div><a href="https://dl.dropboxusercontent.com/sh/bk1ahjvoummp9f4/ktJMpPNPoC/zajecia%204/agencja.xml?dl=1&amp;token_hash=AAH1VMD3xokejuCSvlzJyeUUZ0ZMTBnk_Orq4zCgx7b9hg" id="default_content_download_button" class="freshbutton-blue">Pobieranie</a><a class="freshbutton-lightblue" onclick="SharingModel.show_c2d_modal(); return false;" id="default_content_a2md">Dodaj do mojego konta Dropbox</a></div><div class="filename-below shmodel-filename"><span id="emsnippet-70e77c24b58af118"></span></div><div class="preview-box"><div id="code-wrapper" class="content-shadow"><div id="code-loading" class="center"><img src="https://dt8kf6553cww8.cloudfront.net/static/images/icons/ajax-loading-small-vfl3Wt7C_.gif" alt="" class="text-img" />Trwa ładowanie...</div><pre id="code" class="brush: xml;"></pre></div></div><a href="/copyright_complaint?ssu=https%3A//www.dropbox.com/sh/bk1ahjvoummp9f4/ktJMpPNPoC/zajecia%25204/agencja.xml" class="content-flag title_bubble" rel="nofollow" title="Oznacz jako materiały chronione prawem autorskim">Oznacz jako chronione prawem autorskim</a></div><div style="display:none;" id="twitter-login"><form action="#" novalidate="novalidate" onsubmit="Twitter.login(); return false" method="post"><input type="hidden" name="t" value="zcOJ5G_YTiz41yqFDxo_9fBH" /><div class="center"><img src="/static/images/twitter_logo.jpg" alt="twitter" /><p style="margin-top:1.5em;" id="twitter-status">Musisz połączyć konto Dropbox z Twoim kontem w serwisie Twitter, aby móc opublikować w serwisie Twitter wpis z tym łączem.</p><p style="margin: 1.5em 0 3.5em 0;"><a href="#" onclick="Twitter.do_auth(); return false;"><img src="/static/images/twitter_signin.png" alt="" /></a></p><div class="modal-buttons">Zakończono logowanie w serwisie Twitter.<input type="button" onclick="Twitter.onLoginSuccessCallback();" value="Opublikuj moją wiadomość we wpisie w serwisie Twitter" class="freshbutton-blue" /></div></div></form></div><div style="display:none;" id="facebook-auth"><div class="center"><img src="/static/images/facebook_logo.jpg" alt="facebook" /><p style="margin-top:1.5em;" id="facebook-status">Musisz połączyć konto Dropbox z Twoim kontem w serwisie Facebook, aby móc opublikować to łącze.</p><p style="margin: 1.5em 0 3.5em 0;"><a href="#" onclick="FacebookOAuth.do_auth(); return false;"><img src="/static/images/facebook_signin.png" alt="" /></a></p><div class="modal-buttons">Zakończono logowanie w serwisie Facebook.<input style="margin-left: 0.5em;margin-bottom: -1px;" type="button" onclick="Modal.vars.action();" value="Opublikuj moją wiadomość" class="freshbutton-blue" /></div></div></div><div style="display:none;" id="twitter-posting"><div class="center"><img src="/static/images/twitter_logo.jpg" alt="Twitter" /><h3 style="margin-top: 3em;"><img src="/static/images/icons/ajax-loading-small.gif" alt="" class="h2-img" />Publikowanie na Twitterze</h3></div></div><div style="display:none;" id="facebook-posting"><div class="center"><br /><br /><img src="/static/images/facebook_logo.jpg" alt="Facebook" /><br /><br /><h3><img src="/static/images/icons/ajax-loading-small.gif" alt="" class="h2-img" />Publikowanie na Facebooku</h3><br /></div></div><div style="display:none;" id="disable-token-modal"><p class="disable-token-desc"></p><div class="modal-buttons"><input value="Usuń łącze" type="button" class="freshbutton-blue" onclick="SharingModel.do_remove(Modal.vars);" /><input value="Anuluj" type="button" class="freshbutton" onclick="Modal.hide();" /></div></div><div style="display:none;" id="album-disable-token-modal"><p>Czy na pewno chcesz wyłączyć udostępnianie albumu <span class="album_unshare_name"></span>? Po wyłączeniu udostępniania nikt poza Tobą nie będzie mógł go przeglądać.</p><div class="modal-buttons"><input value="Wyłącz udostępnianie" type="button" class="freshbutton-blue" onclick="SharingModel.do_remove(Modal.vars);" /><input value="Anuluj" type="button" class="freshbutton" onclick="Modal.hide();" /></div></div><div style="display: none;" id="c2d-modal"><ul id="c2d-modal-tabs" class="modal-tabs clearfix"><li><a href="#" id="create-account" class="selected">Utwórz konto</a></li><li><a href="#" id="login-account">Zaloguj się</a></li></ul><div id="create-account-content"><p><span class="c2d-create-account-desc"></span></p><br /><div><form novalidate="novalidate" method="post" id="c2d-register-form"><input type="hidden" name="t" value="zcOJ5G_YTiz41yqFDxo_9fBH" /><input type="hidden" name="signup_tag" value="copy_to_dropbox" /><div id="register-partial"><div style="display:none;" class="error-plain-text"><form:error name='fname' /></div><div id="fname-field" class="sick-input"><input autocomplete="off" tabindex="5" type="text" name="fname" id="fname" /><label id="fname-label" for="fname">Imię</label></div><div style="display:none;" class="error-plain-text"><form:error name='lname' /></div><div id="lname-field" class="sick-input"><input autocomplete="off" tabindex="6" type="text" name="lname" id="lname" /><label id="lname-label" for="lname">Nazwisko</label></div><div class="register-spacer"></div><div style="display:none;" class="error-plain-text"><form:error name='email' /></div><div id="email-field" class="sick-input clearfix"><input autocomplete="off" tabindex="7" type="email" name="email" id="email" /><label id="email-label" for="email">Adres e-mail</label><div style="display: none;" id="email_check_warning"></div></div><div style="display:none;" class="error-plain-text"><form:error name='password' /></div><div id="password-field" class="sick-input"><input autocomplete="off" tabindex="8" type="password" name="password" id="password" /><label id="password-label" for="password">Hasło</label></div><div id="register-footer"><div id="tos-agree-field"><label for="tos_agree"><input type="checkbox" id="tos_agree" name="tos_agree" tabindex="9" /> Zgadzam się <a href="/terms" target="_blank">z Warunkami korzystania z serwisu Dropbox</a></label><div style="display:none;" class="error-plain-text"><form:error name='tos_agree' /></div></div><input type="hidden" name="register-submit" value="1" /><input name="register-submit-dummy" value="Utwórz konto" class="freshbutton-blue" type="submit" id="register-submit" tabindex="10" /></div><br class="clear" /></div></form></div></div><div style="display:none;" id="login-account-content"><div id="c2d-login"><p><span class="c2d-login-desc"></span></p><br /><form novalidate="novalidate" method="post" id="c2d-login-form"><input type="hidden" name="t" value="zcOJ5G_YTiz41yqFDxo_9fBH" /><input type="hidden" name="cont" value="https://www.dropbox.com/sh/bk1ahjvoummp9f4/ktJMpPNPoC/zajecia%204/agencja.xml?show_c2d_modal=true" /><table id="login-table"><tr><td><div style="display:none;" class="error-plain-text"><form:error name='login_email' /></div><div class="sick-input"><label for="email">Adres e-mail</label><input autocomplete="off" type="text" name="login_email" tabindex="13" /></div></td></tr><tr><td style="padding: 10px 0;"><div style="display:none;" class="error-plain-text"><form:error name='login_password' /></div><div class="sick-input"><label for="password">Hasło</label><input autocomplete="off" type="password" name="login_password" tabindex="14" /></div></td></tr><tr><td><input style="float:right" name="login_submit" value="Zaloguj się" class="freshbutton-blue" type="submit" id="login_submit" tabindex="15" /></td></tr></table></form></div><div style="display: none;" id="c2d-twofactor-login"><p class="c2d-header">Wpisz kod zabezpieczający</p><p id="sms-msg">Kod zabezpieczający został wysłany na podany numer telefonu z końcówką <span class="last-four-digits"></span>.</p><p id="offline-msg">Wpisz kod zabezpieczający wygenerowany przez mobilną aplikację uwierzytelniającą.</p><br /><form novalidate="novalidate" method="post" id="c2d-twofactor-login-form"><input type="hidden" name="t" value="zcOJ5G_YTiz41yqFDxo_9fBH" /><div id="c2d-twofactor-error" class="error-message"></div><div class="sick-input"><label for="email">Kod sześciocyfrowy</label><input autocomplete="off" type="text" id="c2d-twofactor-code" name="twofactor_code" tabindex="13" /></div><input name="twofactor_login_submit" value="Prześlij kod" class="freshbutton-blue" type="submit" id="twofactor_login_submit" tabindex="15" /><p class="resend-code"><a id="c2d-resend-link">Kod nie dotarł?</a></p></form></div></div></div><div style="display: none;" id="sharing-progress"><div class="orange-hotbox"><img src="/static/images/icons/ajax-loader-trans.gif" alt="" />Trwa udostępnianie...</div></div><div style="display: none;" id="sharing-posted"><div class="green-hotbox"><table><tr><td>Wiadomość udostępniona!</td><td style="width: 5px;"></td><td><a id="view-post" target="_blank"></a></td></tr></table></div></div><div style="display: none;" id="sharing-posted-both"><div class="green-hotbox"><table><tbody><tr><td>Łącze zostało udostępnione.</td><td style="width: 5px;"></td><td><a href="http://www.twitter.com/" id="view-post" target="_blank"><img src="https://dt8kf6553cww8.cloudfront.net/static/images/icons/icon_spacer-vflN3BYt2.gif" class=" sprite sprite_web s_web_twitter" />Wyświetl wpis w serwisie Twitter</a></td><td style="width: 5px;"></td><td><a href="http://www.facebook.com/profile.php?v=wall" id="view-post" target="_blank"><img src="https://dt8kf6553cww8.cloudfront.net/static/images/icons/icon_spacer-vflN3BYt2.gif" class=" sprite sprite_web s_web_facebook" />Wyświetl wpis</a></td></tr></tbody></table></div></div><div style="display:none;" id="inline-facebook-auth"><div class="orange-hotbox">Musisz najpierw <a id="connect-with-facebook" onclick="FacebookOAuth.do_auth(); return false;">połączyć konto Dropbox ze swoim kontem w serwisie Facebook</a>.</div></div><div style="display:none;" id="inline-twitter-auth"><div class="orange-hotbox">Musisz najpierw <a id="connect-with-twitter" onclick="Twitter.do_auth(); return false;">połączyć konto Dropbox ze swoim kontem w serwisie Twitter</a>.</div></div>
<script type="text/template" id="lightbox_more_actions_item_tmpl">
<%
  _id = (typeof _id !== 'undefined') ? _id : '';
  _href = (typeof _href !== 'undefined') ? _href : '';
  _target = (typeof _target !== 'undefined') ? _target : '';
  more_classes = (typeof more_classes !== 'undefined') ? more_classes : '';
  divider = ((typeof divider !== 'undefined') && (divider));
%>

<% if (divider) { %>
  <li class="divider <%= more_classes %>" />
<% } else { %>
  <li id="<%= _id %>" class="<%= more_classes %>" >
    <a href="<%= _href %>" target="<%= _target %>">
      <%= Sprite.html('web', sprite_name) %>
      <div>
          <%= item_text %>
      </div>
    </a>
  </li>
<% } %>
</script>
<div style="display:none;" id="file-preview-modal"><div class="modal-preview-content"><div class="preview"><table class="preview-container-parent"><tr><td class="preview-container"><div class="preview-content"></div></td></tr></table></div> <div id="file-preview-menu" class="menu"><div class="file-title lightbox-not-important"><span class="album-name">&nbsp;</span><span class="filename">&nbsp;</span><span class="added-by">&nbsp;</span></div><div class="actions">&nbsp;</div><div class="paging lightbox-not-important"><div class="paging-block"><a href="#" class="prev"><img src="https://dt8kf6553cww8.cloudfront.net/static/images/icons/icon_spacer-vflN3BYt2.gif" class=" sprite sprite_web s_web_lightbox_prev" /></a><div class="lightbox-index-text-container"></div><a href="#" class="next"><img src="https://dt8kf6553cww8.cloudfront.net/static/images/icons/icon_spacer-vflN3BYt2.gif" class=" sprite sprite_web s_web_lightbox_next" /></a></div></div></div><div style="display:none;" id="lightbox-more-actions-menu" class="freshdropdown-menu big black chat-bubble-bottom"><ul id="lightbox-more-actions-list"></ul><div class="chat-bubble-arrow-border black"></div><div class="chat-bubble-arrow black"></div></div> <div style="display:none;" class="delete-file-prompt chat-bubble-bottom"><input type="button" id="lightbox-delete-photo" value="Usuń" class="freshbutton-blue" /><br /><input type="button" id="lightbox-delete-cancel" value="Anuluj" class="freshbutton" /><div class="chat-bubble-arrow-border black"></div><div class="chat-bubble-arrow black"></div></div></div><div class="header"><a href="#" class="close lightbox-not-important"><img src="https://dt8kf6553cww8.cloudfront.net/static/images/icons/icon_spacer-vflN3BYt2.gif" class=" sprite sprite_web s_web_lightbox_close" /></a></div></div></div><noscript><p class="center">Do działania witryny Dropbox wymagane jest włączenie języka JavaScript.</p></noscript></div><div style="position: absolute; top: 0; left: 0; font-family: Courier" id="ieconsole"></div><div style="position:absolute; top:-10000px;width:0px; height:0px; left: 0;" id="FB_HiddenContainer"></div><div style="display:none;" id="notice-container" class="clearfix"></div><script src="https://dt8kf6553cww8.cloudfront.net/static/javascript/external/syntax-vflpNqebu.js" type="text/javascript"></script><script src="https://dt8kf6553cww8.cloudfront.net/static/coffee/compiled/logger-vflXdXO8C.js" type="text/javascript"></script><script src="https://dt8kf6553cww8.cloudfront.net/static/javascript/password_strength-vfltsBGaL.js" type="text/javascript"></script><script>if (window.requirejs) { requirejs(["dropbox"], function(dropbox) {SharingModel.init(Util.from_json("\"agencja.xml\""), Util.from_json("{\"secure_hash\": \"ktJMpPNPoC\", \"subpath\": \"/zajecia 4/agencja.xml\", \"tkey\": \"bk1ahjvoummp9f4\"}"));

            $j('#print-button').click(function() {
                requirejs(['print'], function(print) { print.print(); });
            });
        
SharingModel.init_file()

        Util.smartLoad(function() {
           Util.focus(Util.from_json("\"\""));
           Cookies.check_cookies_enabled();
           WebTimingLogger.init();
        });
        
$(Util.from_json("\"emsnippet-a2fa16e39cb31c23\"")).innerHTML = Util.from_json("\"agencja.xml\"").em_snippet(50, 0.750000).escapeHTML();
$(Util.from_json("\"emsnippet-02abb5d5cd1635e1\"")).innerHTML = Util.from_json("\"agencja.xml\"").em_snippet(20, 0.750000).escapeHTML();
$(Util.from_json("\"emsnippet-70e77c24b58af118\"")).innerHTML = Util.from_json("\"agencja.xml\"").em_snippet(20, 0.750000).escapeHTML();
FilePreview.init_text(Util.from_json("\"https://dl.dropboxusercontent.com/sh/bk1ahjvoummp9f4/ktJMpPNPoC/zajecia%204/agencja.xml?token_hash=AAH1VMD3xokejuCSvlzJyeUUZ0ZMTBnk_Orq4zCgx7b9hg\""), 1, null, 0)
window.c2d_tabs = new TabController("c2d-modal-tabs", {url_prefix: false})

            Util.smartLoad(function () {
                PasswordStrength.watch("password");
            });
            new MailCheck('email', 'email_check_warning');
            }); } else { var onload_js = function() { SharingModel.init(Util.from_json("\"agencja.xml\""), Util.from_json("{\"secure_hash\": \"ktJMpPNPoC\", \"subpath\": \"/zajecia 4/agencja.xml\", \"tkey\": \"bk1ahjvoummp9f4\"}"));

            $j('#print-button').click(function() {
                requirejs(['print'], function(print) { print.print(); });
            });
        
SharingModel.init_file()

        Util.smartLoad(function() {
           Util.focus(Util.from_json("\"\""));
           Cookies.check_cookies_enabled();
           WebTimingLogger.init();
        });
        
$(Util.from_json("\"emsnippet-a2fa16e39cb31c23\"")).innerHTML = Util.from_json("\"agencja.xml\"").em_snippet(50, 0.750000).escapeHTML();
$(Util.from_json("\"emsnippet-02abb5d5cd1635e1\"")).innerHTML = Util.from_json("\"agencja.xml\"").em_snippet(20, 0.750000).escapeHTML();
$(Util.from_json("\"emsnippet-70e77c24b58af118\"")).innerHTML = Util.from_json("\"agencja.xml\"").em_snippet(20, 0.750000).escapeHTML();
FilePreview.init_text(Util.from_json("\"https://dl.dropboxusercontent.com/sh/bk1ahjvoummp9f4/ktJMpPNPoC/zajecia%204/agencja.xml?token_hash=AAH1VMD3xokejuCSvlzJyeUUZ0ZMTBnk_Orq4zCgx7b9hg\""), 1, null, 0)
window.c2d_tabs = new TabController("c2d-modal-tabs", {url_prefix: false})

            Util.smartLoad(function () {
                PasswordStrength.watch("password");
            });
            new MailCheck('email', 'email_check_warning');
             }; if (window.Prototype) { document.observe('script:loaded', onload_js); } else if (window.jQuery) { jQuery(onload_js); } }</script></body></html>